round,first_config,configured_cache_line,variant,transfers_per_second,indexes_share_hardware_cache_line
0,128,128,mutex,23169371.078,0
0,128,128,seq_cst,15684207.885,0
0,128,128,acquire_release,14133467.404,0
0,128,128,cached,18956502.973,0
0,128,64,mutex,30872384.049,1
0,128,64,seq_cst,18897161.646,1
0,128,64,acquire_release,18010325.759,1
0,128,64,cached,19648485.336,1
1,64,128,mutex,32299993.659,0
1,64,128,seq_cst,16146584.064,0
1,64,128,acquire_release,14249697.321,0
1,64,128,cached,24429039.899,0
1,64,64,mutex,31994445.764,1
1,64,64,seq_cst,19017441.664,1
1,64,64,acquire_release,14419534.425,1
1,64,64,cached,16475804.766,1
2,128,128,mutex,31600893.357,0
2,128,128,seq_cst,16008770.655,0
2,128,128,acquire_release,13393960.345,0
2,128,128,cached,24502682.349,0
2,128,64,mutex,31540070.082,1
2,128,64,seq_cst,18713775.663,1
2,128,64,acquire_release,13252960.753,1
2,128,64,cached,15789759.354,1
3,64,128,mutex,31391950.476,0
3,64,128,seq_cst,16082570.076,0
3,64,128,acquire_release,12449638.613,0
3,64,128,cached,15030283.187,0
3,64,64,mutex,30487797.163,1
3,64,64,seq_cst,18506148.255,1
3,64,64,acquire_release,14234563.054,1
3,64,64,cached,17346591.622,1
4,128,128,mutex,31334578.883,0
4,128,128,seq_cst,16075541.102,0
4,128,128,acquire_release,15799946.363,0
4,128,128,cached,24746367.795,0
4,128,64,mutex,17787443.585,1
4,128,64,seq_cst,18812637.275,1
4,128,64,acquire_release,15212433.063,1
4,128,64,cached,27208021.626,1
5,64,128,mutex,32552679.391,0
5,64,128,seq_cst,16525609.135,0
5,64,128,acquire_release,15796282.722,0
5,64,128,cached,38921801.186,0
5,64,64,mutex,32283830.762,1
5,64,64,seq_cst,18799467.580,1
5,64,64,acquire_release,14616425.701,1
5,64,64,cached,45180790.935,1
6,128,128,mutex,31888729.559,0
6,128,128,seq_cst,14666682.237,0
6,128,128,acquire_release,14101371.588,0
6,128,128,cached,24109948.579,0
6,128,64,mutex,32535773.083,1
6,128,64,seq_cst,18956219.990,1
6,128,64,acquire_release,14761843.503,1
6,128,64,cached,21554633.317,1
7,64,128,mutex,31546483.513,0
7,64,128,seq_cst,15360309.656,0
7,64,128,acquire_release,14463113.861,0
7,64,128,cached,18972215.045,0
7,64,64,mutex,28800381.317,1
7,64,64,seq_cst,19007222.690,1
7,64,64,acquire_release,17704298.393,1
7,64,64,cached,17958446.389,1
8,128,128,mutex,31842236.544,0
8,128,128,seq_cst,11921158.820,0
8,128,128,acquire_release,15915190.066,0
8,128,128,cached,21868138.571,0
8,128,64,mutex,32421763.990,1
8,128,64,seq_cst,18712418.715,1
8,128,64,acquire_release,18482947.402,1
8,128,64,cached,21180823.856,1
