ordinal,region_id,x_hex,y_hex
0,0,0x1.5af1013b0deefp-13,0x1.a9da63214eb2bp-2
1,1,0x1.3366eac9a8b33p-6,0x1.95e3125ab1564p-3
2,2,0x1.850ca18483de2p-5,0x1.ffad933d0bcd0p-2
3,3,0x1.ca46fa288e750p-4,0x1.1ad9195f7a3ddp-3
4,4,0x1.3f68458290ffdp-3,0x1.58e4a6e10d872p-2
5,5,0x1.d271e3247136dp-3,0x1.0acdd3bce6003p-2
6,6,0x1.23374713522b9p-2,0x1.55260ecc82244p-3
7,7,0x1.b2462cd1b3656p-2,0x1.b2cd602dadbe2p-3
8,8,0x1.06c076f36b2d9p-1,0x1.a4b634abc1b35p-3
9,9,0x1.47379446053fap-1,0x1.61689e5b04cc7p-2
10,10,0x1.8a74d729769bap-1,0x1.09063843f867fp-2
11,11,0x1.05fd51baa7c9bp+0,0x1.c2bd580636a97p-4
12,12,0x1.233e7484b8e70p+0,0x1.1a99ca8918288p-1
13,13,0x1.6e1ef7cd5a136p+0,0x1.64090307bbce7p-3
14,14,0x1.963c593967733p+0,0x1.5c726b1af0b07p-2
15,15,0x1.c112092f3b8c3p+0,0x1.0650d3d442751p-3
16,16,0x1.016c329782693p+1,0x1.f707ef0ba5ed9p-3
17,17,0x1.27bd39499a340p+1,0x1.1e718446c6f69p-1
18,18,0x1.41d8944fbb7fbp+1,0x1.1264eaa954eb5p-2
19,19,0x1.65d0aa715a407p+1,0x1.59baf78c74ed8p-2
20,20,0x1.a30e616777f24p+1,0x1.08ddf04fab3f1p-4
21,21,0x1.c13cb563b4b89p+1,0x1.b53633e21a7a4p-2
22,22,0x1.d9e242e330c35p+1,0x1.03ca060577dcbp-1
23,23,0x1.01dd2430c83a6p+2,0x1.c2fadce00d25ep-2
24,24,0x1.27fa7e47753a0p+2,0x1.d751cb9213b8cp-2
25,25,0x1.31ed781edec14p+2,0x1.7a42730ec9717p-3
26,26,0x1.4fec9d02dd6dbp+2,0x1.13378dfc1a1dbp-3
27,27,0x1.63223e2bb6347p+2,0x1.0ad1d7c09d5d8p-2
28,28,0x1.82982adb2c5bep+2,0x1.37caa3a857296p-2
29,29,0x1.9bcdec08594c7p+2,0x1.01d7a66866a7bp-1
30,30,0x1.c412cf1257126p+2,0x1.fd7adc67425bdp-2
31,31,0x1.d6e74c9d52359p+2,0x1.c757e0ffe9658p-3
32,32,0x1.02a9fa7158a03p+3,0x1.754e0e6623feep-3
33,33,0x1.12f2e74ab1a76p+3,0x1.383dd86b3950dp-2
34,34,0x1.1d83437357e99p+3,0x1.ce35cf6225a33p-3
35,35,0x1.332c0ba66f450p+3,0x1.aa24e3da718aep-4
36,36,0x1.463a49e741e21p+3,0x1.0e838b47de362p-1
37,37,0x1.57609fb09ead3p+3,0x1.7436ec7053312p-2
38,38,0x1.670ceda213287p+3,0x1.03626981e3891p-2
39,39,0x1.70fda5541cbefp+3,0x1.1bd3633c2407cp-1
40,40,0x1.b312d0b088d5dp-11,0x1.2b6d0fafa210ep+0
41,41,0x1.ec578f793aa5dp-7,0x1.ec564fbcfb78ap-1
42,42,0x1.9ae174215a5a6p-5,0x1.a61baae1edb3cp-1
43,43,0x1.62991bcbfae96p-4,0x1.f52cb1ba216ffp-1
44,44,0x1.5f018e31362b1p-3,0x1.67112a4a50e93p-1
45,45,0x1.ccb25800183ecp-3,0x1.a9f494e393cd3p-1
46,46,0x1.6bef19ae5d71ep-2,0x1.c96c8d2d83cbbp-1
47,47,0x1.90797b8fc1822p-2,0x1.fd2d27309eb2ap-1
48,48,0x1.00bb3f6e25d11p-1,0x1.6db43d7dfd50ep-1
49,49,0x1.3f72881c1e9e7p-1,0x1.b17e88ae3d634p-1
50,50,0x1.a2485a636a913p-1,0x1.237a596ee4400p+0
51,51,0x1.0cbaa5583e6f7p+0,0x1.ea7eb895ab28ep-1
52,52,0x1.2915a1f6621fdp+0,0x1.c7ef6d5f73ab0p-1
53,53,0x1.66504d3b017d0p+0,0x1.a4908cbb88319p-1
54,54,0x1.9d179eb6b1093p+0,0x1.079bb500b59fap+0
55,55,0x1.d4535a3f701dfp+0,0x1.72fde39c5451dp-1
56,56,0x1.f259985321c83p+0,0x1.afdcf809399c7p-1
57,57,0x1.2b3ba71f23712p+1,0x1.18e1010a71a11p+0
58,58,0x1.448c28d02e506p+1,0x1.9c903f1a13284p-1
59,59,0x1.5ee4e1e9cc31ep+1,0x1.243260351277ap+0
60,60,0x1.a1cec13e124d0p+1,0x1.b6967653a379fp-1
61,61,0x1.c3440399c4f73p+1,0x1.02f333d0d152ap+0
62,62,0x1.e0794b158b52bp+1,0x1.22bc0eaae335ap+0
63,63,0x1.0cf37589368c6p+2,0x1.c083a44fc9272p-1
64,64,0x1.2794ea0b01b3ap+2,0x1.ee8c17fdbc436p-1
65,65,0x1.2fa3077063d58p+2,0x1.6f1ffc7b26302p-1
66,66,0x1.50f94c7293925p+2,0x1.6ecb778bf304ep-1
67,67,0x1.67c00a3de6206p+2,0x1.8c8405ee6bef0p-1
68,68,0x1.8c758539f00b4p+2,0x1.6fb101cfc8dc7p-1
69,69,0x1.a07fe486ea752p+2,0x1.c17b8321999fap-1
70,70,0x1.ba4f230f3805fp+2,0x1.aea45fb610d2dp-1
71,71,0x1.e4726155113bdp+2,0x1.1858837d41e5bp+0
72,72,0x1.fcdfca6c051fbp+2,0x1.daabe29a98c15p-1
73,73,0x1.08754c4db970cp+3,0x1.b89c4c9c6c662p-1
74,74,0x1.1b0a55ef9a4aep+3,0x1.07be17152ba55p+0
75,75,0x1.31781105af267p+3,0x1.eb96e532aa720p-1
76,76,0x1.42ef22c930443p+3,0x1.d683ebfd2daa8p-1
77,77,0x1.573cea917f0fep+3,0x1.b9fc5cb2178d9p-1
78,78,0x1.61038227998d4p+3,0x1.abd65e8d10495p-1
79,79,0x1.727c54835f682p+3,0x1.b21917285e3abp-1
80,80,0x1.e96d7d8412b7dp-9,0x1.579e9761392a5p+0
81,81,0x1.2de3a110f7d15p-6,0x1.949398a52db20p+0
82,82,0x1.f564f4ecbe8b1p-5,0x1.b28144029a1a9p+0
83,83,0x1.86189f92c6ccfp-4,0x1.8174cb2b10d92p+0
84,84,0x1.61a7db3929ba3p-3,0x1.bd89bfb11d464p+0
85,85,0x1.c0d6d80f7ba26p-3,0x1.5571498005dbfp+0
86,86,0x1.5db8cc75f6770p-2,0x1.9fa8ffb375c59p+0
87,87,0x1.9606188bfb45cp-2,0x1.4fd252b9680acp+0
88,88,0x1.099432d6f5db5p-1,0x1.6ef927a6e2d72p+0
89,89,0x1.4aef63ea429c8p-1,0x1.84b9d92d6da76p+0
90,90,0x1.9d5b42a40f6c3p-1,0x1.663e736170b5dp+0
91,91,0x1.04a625d1cf71bp+0,0x1.a28dfd93e39f5p+0
92,92,0x1.21835d2aa1235p+0,0x1.5babe3b254b43p+0
93,93,0x1.67e0f7b6b0a8dp+0,0x1.9c417bcc1271ep+0
94,94,0x1.96d6d1e1842a1p+0,0x1.922445d1a8ae7p+0
95,95,0x1.b5f16ec9a56e0p+0,0x1.6218c075ecb7ep+0
96,96,0x1.f4cba832da02bp+0,0x1.580e0a4badebcp+0
97,97,0x1.2deae40a4a389p+1,0x1.5c73def75d4cep+0
98,98,0x1.42dc1bde4f10bp+1,0x1.5ec7b45f16ce5p+0
99,99,0x1.686629b0220b8p+1,0x1.bb54b1ed89bcap+0
100,100,0x1.89a66d63f64d6p+1,0x1.855d60421b186p+0
101,101,0x1.af3695e4fb030p+1,0x1.a4afe37b196b4p+0
102,102,0x1.e35738f03a728p+1,0x1.a95c756c86b5cp+0
103,103,0x1.0577adb5b29f4p+2,0x1.82c80d6a13376p+0
104,104,0x1.27891e2119290p+2,0x1.4d49b3d26d0d9p+0
105,105,0x1.394164c2655e8p+2,0x1.55ccffbb92f07p+0
106,106,0x1.565f2af4459bfp+2,0x1.5bd5dde83493ap+0
107,107,0x1.73ab14dc37b93p+2,0x1.87100abf86588p+0
108,108,0x1.87148ca49704bp+2,0x1.8999178862b93p+0
109,109,0x1.a0e99adf10b92p+2,0x1.a75e64ec14c7cp+0
110,110,0x1.b72b4a4b7b250p+2,0x1.6fcf828555e66p+0
111,111,0x1.e41fd51f9049bp+2,0x1.be24943d25a8bp+0
112,112,0x1.f1ee80dfaac84p+2,0x1.b7953f13e2087p+0
113,113,0x1.09f19bd390e7bp+3,0x1.6a7e9170c0c92p+0
114,114,0x1.18ce77f342e80p+3,0x1.52fa73d30efa6p+0
115,115,0x1.2c611f0604199p+3,0x1.80ce6ef89cc3dp+0
116,116,0x1.408662000017cp+3,0x1.b4a2f7dcb61bbp+0
117,117,0x1.5386f64648734p+3,0x1.6d9818fc21240p+0
118,118,0x1.64038f9eace13p+3,0x1.58f0ccbe6cd21p+0
119,119,0x1.77001740a2789p+3,0x1.aa800bc8b446bp+0
120,120,0x1.9f991213ccc1dp-9,0x1.e673910169277p+0
121,121,0x1.58c8d100e7ff1p-6,0x1.16bebc784e8f9p+1
122,122,0x1.c02db523a73b1p-5,0x1.00569e17586c6p+1
123,123,0x1.8a05aacada225p-4,0x1.0c203bf28355bp+1
124,124,0x1.5ec60ac61dbb8p-3,0x1.2312f578d891dp+1
125,125,0x1.0168a81d04cedp-2,0x1.e2230688fd90cp+0
126,126,0x1.4a136d0b4a3e7p-2,0x1.e79a99231392fp+0
127,127,0x1.c5ce8a4808143p-2,0x1.faa171a4cade9p+0
128,128,0x1.159836f8f3b02p-1,0x1.e1dee5274d20fp+0
129,129,0x1.43b1d9d934d60p-1,0x1.2265cb86f1a47p+1
130,130,0x1.a1bb9405d57f9p-1,0x1.127fd823c51eap+1
131,131,0x1.0295be504d7acp+0,0x1.13c04efd6f906p+1
132,132,0x1.2a9547bdbc04dp+0,0x1.0e6556cd20759p+1
133,133,0x1.704dbea57a8d4p+0,0x1.fd1816ff48f40p+0
134,134,0x1.a23ba570c0ebap+0,0x1.f080926532c49p+0
135,135,0x1.b65e89d322a39p+0,0x1.ed8c8972ddd0fp+0
136,136,0x1.f9e099339d0d4p+0,0x1.02eed8e1cebbap+1
137,137,0x1.2854d0a00567ep+1,0x1.1b77b5417366cp+1
138,138,0x1.4471a4f927ca8p+1,0x1.f40c69a9a11a7p+0
139,139,0x1.70b937d08f084p+1,0x1.f8c04587bab99p+0
140,140,0x1.9c55a30d0bb7ep+1,0x1.f1f70e0b2f946p+0
141,141,0x1.b571b7077a823p+1,0x1.1638dbf3db0efp+1
142,142,0x1.da17b0b09bfdbp+1,0x1.fd564b4d67cfep+0
143,143,0x1.04b02757a599cp+2,0x1.24bf0508e9ef8p+1
144,144,0x1.1ef9d86c00434p+2,0x1.1790dd148fa30p+1
145,145,0x1.32aa313a8dc03p+2,0x1.243ec3cd490a5p+1
146,146,0x1.4a8782299b80ep+2,0x1.1680f20ac78f0p+1
147,147,0x1.6f9afa325ab7bp+2,0x1.20da9a73b71ffp+1
148,148,0x1.7cac5f43b7e7bp+2,0x1.df0b6c7c1b89bp+0
149,149,0x1.98c7465e3cdf3p+2,0x1.0390d370d4c85p+1
150,150,0x1.c3846d9b0a620p+2,0x1.ff9c9fb9cda5bp+0
151,151,0x1.df736c9984808p+2,0x1.0e80c2bef93aap+1
152,152,0x1.f2225f1ad893fp+2,0x1.07a1e347c729ep+1
153,153,0x1.0c88c311aed2ap+3,0x1.061b8155c4c20p+1
154,154,0x1.2089b02ce013ap+3,0x1.fd98f1dff08f4p+0
155,155,0x1.2cd78cbe5d176p+3,0x1.09beabf87bba7p+1
156,156,0x1.3f9cc3bca48ffp+3,0x1.030bcf4f53a7ep+1
157,157,0x1.4e90c18afe687p+3,0x1.23994886ee325p+1
158,158,0x1.64aaa0da111d2p+3,0x1.1005ca7a14612p+1
159,159,0x1.7584feb959a7bp+3,0x1.eff619a04ef24p+0
160,160,0x1.560e9fe24b6e8p-9,0x1.44e1557f61a96p+1
161,161,0x1.7bfdc83128ebbp-6,0x1.48493351feacap+1
162,162,0x1.fd758061b431dp-5,0x1.61b5786034645p+1
163,163,0x1.8020e0e487c75p-4,0x1.5007def914393p+1
164,164,0x1.0613f224a70b1p-3,0x1.4a19c69286e25p+1
165,165,0x1.99aa4c3252e38p-3,0x1.5b05ba28ea44dp+1
166,166,0x1.545302045560dp-2,0x1.545e5834c5469p+1
167,167,0x1.b83a1f9ea23c2p-2,0x1.53e3cafd26f5ep+1
168,168,0x1.17db1791bd21cp-1,0x1.3f3e007b7db4fp+1
169,169,0x1.70d30604b313bp-1,0x1.62c426cc9708ep+1
170,170,0x1.c31cda3072ecdp-1,0x1.3592ae6056f59p+1
171,171,0x1.e8496ff72f9d6p-1,0x1.50fffea2afda3p+1
172,172,0x1.1ed5640bbe0a4p+0,0x1.3c8524ed06cebp+1
173,173,0x1.6d25f8607c0b6p+0,0x1.43a8e20944f85p+1
174,174,0x1.a8dc92b02e2bdp+0,0x1.62b1dd55359b4p+1
175,175,0x1.be96b88ab315fp+0,0x1.398669b61bd92p+1
176,176,0x1.fecb75d9ed48ap+0,0x1.4e88bd1fa35d1p+1
177,177,0x1.1fa49da344db3p+1,0x1.5a8638c39e43ap+1
178,178,0x1.4bce1768a281fp+1,0x1.68ccc5b07e01ep+1
179,179,0x1.5f624acbe317ap+1,0x1.4d381cadd4d61p+1
180,180,0x1.9360f5c2045e5p+1,0x1.37efb89e7f0d9p+1
181,181,0x1.b0668d3b23347p+1,0x1.3ba465c100fa5p+1
182,182,0x1.eba492f27b3e5p+1,0x1.4677c70f8d029p+1
183,183,0x1.10d36f064e95cp+2,0x1.4329bf05c3735p+1
184,184,0x1.1b0c14c93c899p+2,0x1.54a0dd2e80199p+1
185,185,0x1.40f79170d552ap+2,0x1.51a824377f6dap+1
186,186,0x1.4a23995e51d5dp+2,0x1.51e8ede65230ap+1
187,187,0x1.6a877bd41792bp+2,0x1.5bc1d63eea589p+1
188,188,0x1.846f47c22f7adp+2,0x1.63d5c1a8a30e7p+1
189,189,0x1.a416d002d5490p+2,0x1.445480fbb9c76p+1
190,190,0x1.bfe4f94c3c152p+2,0x1.65e42ac1aa3a3p+1
191,191,0x1.dbc5d097cbfb8p+2,0x1.345a30a157c54p+1
192,192,0x1.fe5db528bc616p+2,0x1.43ce35ee855d5p+1
193,193,0x1.1002b16d7f67dp+3,0x1.5bff8a9db3396p+1
194,194,0x1.1c98f26020d56p+3,0x1.3cffbc20b32aap+1
195,195,0x1.3343dff5a00a3p+3,0x1.472e6599d816bp+1
196,196,0x1.4113fb1c3f44ep+3,0x1.36e0532e146fep+1
197,197,0x1.4fbb3b00fba93p+3,0x1.4669e9700f9c9p+1
198,198,0x1.657b43a92f27ap+3,0x1.5f44235a75b16p+1
199,199,0x1.7d77063f85516p+3,0x1.48f0b1be1af7ap+1
200,200,0x1.26950b3f30e51p-8,0x1.8b08f885832b1p+1
201,201,0x1.96423b11d9256p-7,0x1.a64ad37f5b1eep+1
202,202,0x1.557540a21a49ap-5,0x1.a08a80eedc6d5p+1
203,203,0x1.4a6a4316ca3f7p-4,0x1.919c2fae5d0efp+1
204,204,0x1.07cf4e9849538p-3,0x1.7b1589462885ap+1
205,205,0x1.e65688c2fbe52p-3,0x1.86e4cb9e59825p+1
206,206,0x1.61df8132cb65ap-2,0x1.8b196b8aedc50p+1
207,207,0x1.c2945eb3dc43bp-2,0x1.86ce47f6b6f82p+1
208,208,0x1.2be360a62db59p-1,0x1.9cc8d8af73e74p+1
209,209,0x1.3eeb625acd8d7p-1,0x1.7edd19c1ba213p+1
210,210,0x1.a7fb3aad06952p-1,0x1.7ae5f5ba40ea8p+1
211,211,0x1.eff3fe519035ep-1,0x1.7d1ae6cd4e6aep+1
212,212,0x1.266f6e86c5550p+0,0x1.9ada142e95ae2p+1
213,213,0x1.55f0caf88e98dp+0,0x1.813ddc49df9a7p+1
214,214,0x1.88e6773f73aa4p+0,0x1.9acdf8b4e56e9p+1
215,215,0x1.babba008ee95dp+0,0x1.938ece36163fbp+1
216,216,0x1.07accd2c4a119p+1,0x1.8b63f2aa5c235p+1
217,217,0x1.211f13d5d6b4ep+1,0x1.9c1b08297ac0ep+1
218,218,0x1.55a929fc9bd7fp+1,0x1.78f513af1b4d8p+1
219,219,0x1.7959aa2e93cb5p+1,0x1.91ed518251c14p+1
220,220,0x1.8ae0659eb4b1ap+1,0x1.7865bf5a9ca5fp+1
221,221,0x1.bc8030b6eb1efp+1,0x1.a7dfbbfb113aap+1
222,222,0x1.e3444ca6dc7a1p+1,0x1.a5089ca8e147dp+1
223,223,0x1.08dcf518cde99p+2,0x1.8020b7e8dccedp+1
224,224,0x1.24fea4e542322p+2,0x1.a6fc9d5c64172p+1
225,225,0x1.35d15f110029dp+2,0x1.83d181a2ed928p+1
226,226,0x1.5472a7660abcep+2,0x1.aa2c3bf96c052p+1
227,227,0x1.61cf03f590e2cp+2,0x1.92a2c405ddcb9p+1
228,228,0x1.7f1cf800d7cdap+2,0x1.92550c1e29d17p+1
229,229,0x1.9a15e796dcd91p+2,0x1.7fd8963ce7357p+1
230,230,0x1.bf3677bdb7331p+2,0x1.9cbe163b44bebp+1
231,231,0x1.d5feca932e01dp+2,0x1.9fc2dbb7c097bp+1
232,232,0x1.012339a0d34fcp+3,0x1.926642ab4d25ep+1
233,233,0x1.070140ac056efp+3,0x1.9a07f3af6e382p+1
234,234,0x1.22d3e227f0016p+3,0x1.829a5059607a8p+1
235,235,0x1.30a0d8562e206p+3,0x1.9f1aa2d6ccb01p+1
236,236,0x1.457c09d3d591ep+3,0x1.7afc9df10bbacp+1
237,237,0x1.53a09dd60d2bfp+3,0x1.a9a397ae15e73p+1
238,238,0x1.6873d293302acp+3,0x1.7b5141b857690p+1
239,239,0x1.7d03b4fa14315p+3,0x1.944f1b169597bp+1
240,240,0x1.c1efcc1275b83p-10,0x1.c679c906b9c00p+1
241,241,0x1.0a369071aab1cp-6,0x1.c43635949f430p+1
242,242,0x1.c61b427310dcdp-5,0x1.b80bf81edd138p+1
243,243,0x1.308e5ec836040p-4,0x1.d5ba9ce412c18p+1
244,244,0x1.62d7eb77c1b07p-3,0x1.c23ff3f0d8c84p+1
245,245,0x1.efd66358580dap-3,0x1.d5ca943b6a632p+1
246,246,0x1.383acd343f54ap-2,0x1.e589a25d5e0f7p+1
247,247,0x1.bc5478d89cba9p-2,0x1.d0d239ddb36e4p+1
248,248,0x1.2661ca3627bedp-1,0x1.c7358a83ad608p+1
249,249,0x1.62e14fe11fd2bp-1,0x1.dee59f5bebbebp+1
250,250,0x1.ac7c8f3135fcdp-1,0x1.d63ca487d782cp+1
251,251,0x1.e38a3fbe93b73p-1,0x1.d956471c10f09p+1
252,252,0x1.2d350aefb2364p+0,0x1.bb8a29cecac08p+1
253,253,0x1.653aa059a0b4fp+0,0x1.dd2e0df9532e4p+1
254,254,0x1.8cccdf2c936f7p+0,0x1.df89b5e59c980p+1
255,255,0x1.d4361f680b124p+0,0x1.c557c5f23f897p+1
256,256,0x1.0b7c3eb5f7d8ap+1,0x1.cbee772d6349dp+1
257,257,0x1.1d9847ff11bcbp+1,0x1.c14fa2a6424cep+1
258,258,0x1.45d1c3a23a244p+1,0x1.d80551e26d915p+1
259,259,0x1.5ea1fb1062ea5p+1,0x1.cbd0009a84efcp+1
260,260,0x1.9fb496496a40ap+1,0x1.e35cd728d8370p+1
261,261,0x1.b32e52f3d3148p+1,0x1.c492ab840153ap+1
262,262,0x1.dbfea3ed5077fp+1,0x1.be541b1f12b06p+1
263,263,0x1.07081c3c6c4abp+2,0x1.cf21cd10700a3p+1
264,264,0x1.1d39933422cbap+2,0x1.e56888fdba51cp+1
265,265,0x1.3ecf4780d7604p+2,0x1.cac516d49fb65p+1
266,266,0x1.4e0794c9530e5p+2,0x1.be58102da4254p+1
267,267,0x1.66e11e1f4a41bp+2,0x1.ba04c7419a43ep+1
268,268,0x1.84e2db4247618p+2,0x1.bff913419db62p+1
269,269,0x1.a508aa00f0f19p+2,0x1.ba53f3e97d6afp+1
270,270,0x1.b9392a284e3dfp+2,0x1.beb49efa97fe2p+1
271,271,0x1.d943eba0226e2p+2,0x1.ba2cf4a00decfp+1
272,272,0x1.02121f42453b6p+3,0x1.c2e16e6d6757bp+1
273,273,0x1.0ac44e9f299cap+3,0x1.c5e6c2b6b65f4p+1
274,274,0x1.1ff49e3e37b16p+3,0x1.bce8dc4c6a860p+1
275,275,0x1.2babfa9d7e212p+3,0x1.e1881285376cap+1
276,276,0x1.40174f5806e1bp+3,0x1.e1ec48161368cp+1
277,277,0x1.56f07feb7fb01p+3,0x1.bef6c7e9392dfp+1
278,278,0x1.5f440f51c0625p+3,0x1.c1f439591b7f0p+1
279,279,0x1.7aa156bea2898p+3,0x1.d83135ba05068p+1
280,280,0x1.7dbdc5d198219p-9,0x1.0314910ee707ep+2
281,281,0x1.94d6c48f47681p-6,0x1.f712fda70ccc8p+1
282,282,0x1.b5df6f2bc5477p-5,0x1.0473a1866b54ep+2
283,283,0x1.5700efab9c637p-4,0x1.059e541938ae0p+2
284,284,0x1.3abcf58013c6bp-3,0x1.0e2aa7bb16d5ap+2
285,285,0x1.0798090e26f52p-2,0x1.047662c3196ffp+2
286,286,0x1.1eb536ab90aa5p-2,0x1.039ffa0470766p+2
287,287,0x1.ab724e0b9c27ep-2,0x1.fbec0e8461e92p+1
288,288,0x1.05aba3018312fp-1,0x1.09ca61787791dp+2
289,289,0x1.4539f92b0dd8ep-1,0x1.0f0dd59dcbf1bp+2
290,290,0x1.be31e373a608dp-1,0x1.07c6a24fc45b6p+2
291,291,0x1.f43e90ef29faap-1,0x1.0fbddbd17a62cp+2
292,292,0x1.2f3033ad871b6p+0,0x1.fb388d667d13fp+1
293,293,0x1.609fb6793e26ap+0,0x1.05dbb2d066d73p+2
294,294,0x1.9fae4eb14065dp+0,0x1.00e3480d759a4p+2
295,295,0x1.e2083ae612194p+0,0x1.034d0d52eaa6bp+2
296,296,0x1.120dddc722b5ep+1,0x1.051684ef9e92cp+2
297,297,0x1.23b51f9007bf9p+1,0x1.ff976e05c5952p+1
298,298,0x1.4f2c71e79f5c6p+1,0x1.02d2284bcfcd7p+2
299,299,0x1.73876352e1a27p+1,0x1.01187e2e247c2p+2
300,300,0x1.9933a5ee530b1p+1,0x1.096074209eba1p+2
301,301,0x1.bf0c22841b55cp+1,0x1.f7168efd118a4p+1
302,302,0x1.dc0ea985769fap+1,0x1.053f4ec338249p+2
303,303,0x1.07f4fd009074fp+2,0x1.f5c13d80ca692p+1
304,304,0x1.227bbf6b33d62p+2,0x1.04a7dda5407a5p+2
305,305,0x1.3a3509e66d56dp+2,0x1.0124ccb0b68abp+2
306,306,0x1.4e38fda31f31ep+2,0x1.02dac78846376p+2
307,307,0x1.730df863c50f8p+2,0x1.0c358f0152cfep+2
308,308,0x1.8b2e0986f2e9dp+2,0x1.0630b27bbfba2p+2
309,309,0x1.9da6e5f298c78p+2,0x1.fea2565f24a03p+1
310,310,0x1.ba137ae1a63c4p+2,0x1.03d49252ead3bp+2
311,311,0x1.e005b9d79b134p+2,0x1.09b60d9fe261bp+2
312,312,0x1.01c71284591b1p+3,0x1.0041da132118ap+2
313,313,0x1.108d95cc4a969p+3,0x1.0f2ee7dfefce4p+2
314,314,0x1.20d3f79fae7e7p+3,0x1.03fbb98b8bc8dp+2
315,315,0x1.302472bbd080bp+3,0x1.07b845b836cd7p+2
316,316,0x1.45af977dbe9b4p+3,0x1.064fb180bb0eep+2
317,317,0x1.4c42386471601p+3,0x1.06c170829596dp+2
318,318,0x1.6338bd187b3eep+3,0x1.fc977315f9d76p+1
319,319,0x1.72f2250472c69p+3,0x1.f701ef8054f1ap+1
320,320,0x1.6656cd95cece7p-13,0x1.2b996173f8259p+2
321,321,0x1.719bb56c47d17p-6,0x1.2281741bf666dp+2
322,322,0x1.dc84988a0f59ep-5,0x1.1efd9eebd9665p+2
323,323,0x1.95c49661915bcp-4,0x1.28911a7da466cp+2
324,324,0x1.068140224faf3p-3,0x1.2b89c5096a103p+2
325,325,0x1.ef898c80a095dp-3,0x1.2510a6a04cfbap+2
326,326,0x1.4a0fdbeb71596p-2,0x1.1faf7fd41bfedp+2
327,327,0x1.91f77d128bd3ep-2,0x1.1df8c55dfd00cp+2
328,328,0x1.0952d5fc6a6b9p-1,0x1.2af0df423d461p+2
329,329,0x1.77fb7199420b6p-1,0x1.1ec94d0a5fadbp+2
330,330,0x1.bab5b67683e00p-1,0x1.2a2fe789087e9p+2
331,331,0x1.dcc8a7a7acdedp-1,0x1.22964742d1115p+2
332,332,0x1.25328e5d5222bp+0,0x1.2780c1381f1bdp+2
333,333,0x1.683c366aad6b3p+0,0x1.27352a0917943p+2
334,334,0x1.85b9f24555de4p+0,0x1.23a8f9e16aa00p+2
335,335,0x1.dc552e0351eaep+0,0x1.275735f46331bp+2
336,336,0x1.0482fba250cbcp+1,0x1.2617fba4d73c9p+2
337,337,0x1.1d9c4c9ce272dp+1,0x1.2988733465357p+2
338,338,0x1.5280e512ceeb8p+1,0x1.24f10c56000f7p+2
339,339,0x1.75a0b49c35beep+1,0x1.2a3d18881502bp+2
340,340,0x1.86cacd91ad579p+1,0x1.263ae7ba505d8p+2
341,341,0x1.aece62671a49fp+1,0x1.17e764a3a5eb6p+2
342,342,0x1.da7a62799c681p+1,0x1.24e78eb41c864p+2
343,343,0x1.0707fb05e49bcp+2,0x1.1c70fadf3ce56p+2
344,344,0x1.2906fb0bebeb4p+2,0x1.22738d9e9f7bcp+2
345,345,0x1.3d47e196cd80ep+2,0x1.1c8567db2701dp+2
346,346,0x1.5a2541aaed14ap+2,0x1.1c41a77ce12a9p+2
347,347,0x1.7148b2704e027p+2,0x1.27d78cc834c46p+2
348,348,0x1.8b61a6e32dab2p+2,0x1.19d1c06d1f21ap+2
349,349,0x1.a483fb7d2539ap+2,0x1.1aac2afda6413p+2
350,350,0x1.bffeff802ff33p+2,0x1.1cc8e113d9285p+2
351,351,0x1.e1c08bdd2d2a0p+2,0x1.27381b9825ad4p+2
352,352,0x1.fd83e91a2453ep+2,0x1.1764bcf6f88d8p+2
353,353,0x1.0744d7d3aa169p+3,0x1.1cf37e9468ef0p+2
354,354,0x1.1ead0ad9265fbp+3,0x1.294a114791f48p+2
355,355,0x1.31017715b700ap+3,0x1.2833b25be354ap+2
356,356,0x1.39d2ae2139453p+3,0x1.1ee2c86d165bcp+2
357,357,0x1.5772419c6173fp+3,0x1.1c702a88c1777p+2
358,358,0x1.5d833c293771fp+3,0x1.1a77724444ff5p+2
359,359,0x1.79082203372c6p+3,0x1.1fb2c94175ef7p+2
360,360,0x1.d08a99b1acfd0p-9,0x1.3c3b96b2a3843p+2
361,361,0x1.47bccddbf52eap-6,0x1.451f5f1b4c262p+2
362,362,0x1.41c5836577554p-5,0x1.357cb7b3d47b6p+2
363,363,0x1.77768b817661ep-4,0x1.31049fba8cc39p+2
364,364,0x1.45b324ef394a4p-3,0x1.3a1b5204424bfp+2
365,365,0x1.b2563fb85d636p-3,0x1.3b22aebb5026ep+2
366,366,0x1.1f9895d8bae1dp-2,0x1.392dcef46df30p+2
367,367,0x1.87d454a1efc29p-2,0x1.3bf3e61b2fd1fp+2
368,368,0x1.13861ca999f10p-1,0x1.38a5616dcce54p+2
369,369,0x1.46e0074ae0884p-1,0x1.4428d903117cap+2
370,370,0x1.8d1bb4ff7d732p-1,0x1.3b546008988f0p+2
371,371,0x1.0ea99d0fd7ed3p+0,0x1.360166e638bf7p+2
372,372,0x1.2497ddef202ecp+0,0x1.3270f5a92dd5ap+2
373,373,0x1.50df8b14fa65fp+0,0x1.33aafe80b36fdp+2
374,374,0x1.9fca7e05f56fcp+0,0x1.4159c98360ca8p+2
375,375,0x1.bed9026521cf5p+0,0x1.40420fec2bd81p+2
376,376,0x1.0d9a55bdc9588p+1,0x1.409d07e0d2df1p+2
377,377,0x1.1a31e406d471ep+1,0x1.34401145177ebp+2
378,378,0x1.4d2577f8940abp+1,0x1.350a25f3b292dp+2
379,379,0x1.72e42b5edf8fbp+1,0x1.35616ed5408d4p+2
380,380,0x1.9f5096ceec865p+1,0x1.413e944ad519fp+2
381,381,0x1.c1f91b8fb3d74p+1,0x1.350e1614ba6a6p+2
382,382,0x1.f0e343257dd41p+1,0x1.35a0a9601d431p+2
383,383,0x1.09378ab3d3ee5p+2,0x1.35995401954b5p+2
384,384,0x1.28ce29d500f61p+2,0x1.3d4ff93e6bd93p+2
385,385,0x1.342d4a0b6e857p+2,0x1.32ed9067242efp+2
386,386,0x1.569f08ad18baep+2,0x1.41439a364f9ddp+2
387,387,0x1.657001707d24cp+2,0x1.3128b79ee803bp+2
388,388,0x1.7dde6e2c12541p+2,0x1.42e44a61a06d5p+2
389,389,0x1.a0be71be8f2c8p+2,0x1.3d71ff54aad68p+2
390,390,0x1.b309525962cfdp+2,0x1.3fb7fee31b4cbp+2
391,391,0x1.df573b092b6d4p+2,0x1.35784c3e3e92ep+2
392,392,0x1.007391494b970p+3,0x1.42f85e6a07f4ep+2
393,393,0x1.07fe3140ddeebp+3,0x1.360262e0f0d24p+2
394,394,0x1.1d18359e07d66p+3,0x1.370f03486cc8ap+2
395,395,0x1.33a4554514482p+3,0x1.36162a0c52834p+2
396,396,0x1.3a3250d9bf146p+3,0x1.3e9d51e6f45e4p+2
397,397,0x1.5694a13d704cap+3,0x1.3752dce0c9d72p+2
398,398,0x1.6945ad687765fp+3,0x1.3befe23a5f523p+2
399,399,0x1.74619cbbae19fp+3,0x1.37021258c6d94p+2
400,400,0x1.279e48d085d54p-8,0x1.50fba535f757ep+2
401,401,0x1.5c12d3a9c23a9p-7,0x1.53e0a7b6a6880p+2
402,402,0x1.29822254b4f3ep-5,0x1.560990e3d55c1p+2
403,403,0x1.3c45832666ec7p-4,0x1.4ae62d5054de7p+2
404,404,0x1.05d35b21b84bap-3,0x1.5cb2c44c6e47cp+2
405,405,0x1.bd8ca5785874ep-3,0x1.50144d578618fp+2
406,406,0x1.608c43e3faeecp-2,0x1.55ea678c64878p+2
407,407,0x1.bc6db6ed8b951p-2,0x1.59d325aef5b4fp+2
408,408,0x1.0b864ec7c5d5fp-1,0x1.5b0ba5dc8fce1p+2
409,409,0x1.7495cfa63a692p-1,0x1.5c1fba747d94bp+2
410,410,0x1.a0c0fe97c65e9p-1,0x1.54b0168f544f4p+2
411,411,0x1.e6276d77b1f60p-1,0x1.52fb831acc2bdp+2
412,412,0x1.3b21d07d2423cp+0,0x1.53102e1e163c1p+2
413,413,0x1.526f616e2d577p+0,0x1.4ce7f5666d4d4p+2
414,414,0x1.8f0cdd54101d6p+0,0x1.4ba5e821bf0b8p+2
415,415,0x1.bb6ad121020e9p+0,0x1.5542a99ab063ep+2
416,416,0x1.0d44be0b9edf6p+1,0x1.4daabcb459593p+2
417,417,0x1.1b50b07af26bbp+1,0x1.5074d352b1451p+2
418,418,0x1.403668b7953efp+1,0x1.54477c56efc35p+2
419,419,0x1.66435e8aaec86p+1,0x1.57f69b6859a01p+2
420,420,0x1.949f5a0003a89p+1,0x1.515a0428a0608p+2
421,421,0x1.c1b26cc0a553fp+1,0x1.5899573db5cbfp+2
422,422,0x1.ecf983bd2877bp+1,0x1.52224aa884e9ap+2
423,423,0x1.06b479bb755dcp+2,0x1.4b6decb973e0ap+2
424,424,0x1.1ba820752f6cbp+2,0x1.4f3d8c43236a8p+2
425,425,0x1.3919df178958ap+2,0x1.547a74427a2b3p+2
426,426,0x1.4b08c6c6778f3p+2,0x1.584ad8a8e2d04p+2
427,427,0x1.6d7e624d083cfp+2,0x1.4f95d34cf8a87p+2
428,428,0x1.7da95b86e6d6bp+2,0x1.5b0466f1792e3p+2
429,429,0x1.998db98d5abc7p+2,0x1.55a81738502dap+2
430,430,0x1.ca24b91e5d485p+2,0x1.52d58f7aab7b2p+2
431,431,0x1.e1ae02195c1ccp+2,0x1.513e494bf4484p+2
432,432,0x1.f4da586703620p+2,0x1.53310701d0fc8p+2
433,433,0x1.11383ebe27377p+3,0x1.4af86eaeebbb7p+2
434,434,0x1.1e3130e4b7b9ep+3,0x1.556980ce0079cp+2
435,435,0x1.351fb3e724511p+3,0x1.4a459b4f2e8fcp+2
436,436,0x1.429b3007d59d6p+3,0x1.550b627fd046ep+2
437,437,0x1.4b93acff30bcep+3,0x1.4acfcd7ac977ep+2
438,438,0x1.68e20d7f2ba19p+3,0x1.4e8a7897ba962p+2
439,439,0x1.723800e562a75p+3,0x1.4af30b14d9f74p+2
440,440,0x1.5eaba72f93b68p-10,0x1.68d0732bc5012p+2
441,441,0x1.715093e4e642ep-6,0x1.6542cea59c376p+2
442,442,0x1.bd0567b761aa3p-5,0x1.660b4be4fba6cp+2
443,443,0x1.b01691ad69d1bp-4,0x1.633925c2c4fe4p+2
444,444,0x1.1dd65c1b17ce2p-3,0x1.706200f329c46p+2
445,445,0x1.ebd6c8ab76626p-3,0x1.6ee2e5e17ca37p+2
446,446,0x1.40579762a90abp-2,0x1.6a0eaeb620047p+2
447,447,0x1.9c932c138c8e9p-2,0x1.6394da38fa0ccp+2
448,448,0x1.2ed9a18798110p-1,0x1.61c852cad8d56p+2
449,449,0x1.536af43541f70p-1,0x1.665d853942644p+2
450,450,0x1.a38095d1aa7adp-1,0x1.66a808cfe8d79p+2
451,451,0x1.f1a09eec04270p-1,0x1.715cf6549f4a3p+2
452,452,0x1.33ca1a9c88210p+0,0x1.66a0a3f76c48dp+2
453,453,0x1.58cd418c7144cp+0,0x1.6b2da6299624bp+2
454,454,0x1.81b985c472239p+0,0x1.6c64ee2212c9fp+2
455,455,0x1.c26d43bc78083p+0,0x1.6606e780694b6p+2
456,456,0x1.0facbaa538778p+1,0x1.6ef1af7f6cd88p+2
457,457,0x1.205c2433f4f17p+1,0x1.706d7d001c428p+2
458,458,0x1.4c40e93600d21p+1,0x1.72b4f2be692a1p+2
459,459,0x1.716057236ea02p+1,0x1.650065005d6bap+2
460,460,0x1.97ff3b078919cp+1,0x1.645ccc954e991p+2
461,461,0x1.bfcc90d1101f9p+1,0x1.73517b06bdd21p+2
462,462,0x1.da8b71aca37f7p+1,0x1.72048fb02b411p+2
463,463,0x1.120258c9819b3p+2,0x1.65b4982798dacp+2
464,464,0x1.28b0962742912p+2,0x1.626c8dce2820ep+2
465,465,0x1.33a0d840515d3p+2,0x1.621980fedebb1p+2
466,466,0x1.4c1ac91290d99p+2,0x1.717dd28b0393cp+2
467,467,0x1.61954435308ffp+2,0x1.6aec507c82076p+2
468,468,0x1.8360ead555050p+2,0x1.64586bbe39b3ep+2
469,469,0x1.a6a5150f0c983p+2,0x1.6cb93d6af8333p+2
470,470,0x1.bbb3caf121434p+2,0x1.6e5f670a0e89fp+2
471,471,0x1.d9b987a3aea75p+2,0x1.70f20e6c00b3ap+2
472,472,0x1.01f04c7929fd3p+3,0x1.702e448def6cbp+2
473,473,0x1.0f9e43cf8021bp+3,0x1.69da598fc442ap+2
474,474,0x1.192cb398ff34dp+3,0x1.6b71b817df9b3p+2
475,475,0x1.3033f5e1028cep+3,0x1.6689f1c550893p+2
476,476,0x1.3ccab6e93def1p+3,0x1.682c912d288d2p+2
477,477,0x1.572be4748ae3ap+3,0x1.65dddafa88e84p+2
478,478,0x1.60c8014be3ab9p+3,0x1.642de2d777ac3p+2
479,479,0x1.76f0f43c675a9p+3,0x1.6981171d80245p+2
480,480,0x1.42bed7e211e10p-9,0x1.7cfae79c0c8d4p+2
481,481,0x1.b6c116260ed6dp-6,0x1.7bfa3f6f0c5bdp+2
482,482,0x1.eb3314be6dcf4p-5,0x1.7c4811caff543p+2
483,483,0x1.6ac95df748800p-4,0x1.7ece7ae067727p+2
484,484,0x1.613bb39badf64p-3,0x1.87cb1ca210957p+2
485,485,0x1.e6394a38e2cf5p-3,0x1.8106e71c8b9aep+2
486,486,0x1.5e18368f943fdp-2,0x1.810e0f16e09fdp+2
487,487,0x1.89210f40c4243p-2,0x1.81fe66282bffbp+2
488,488,0x1.0dae57182aa32p-1,0x1.796c475d9a193p+2
489,489,0x1.73d068d6d0613p-1,0x1.7d5a5a6f529cfp+2
490,490,0x1.bd547102c13fcp-1,0x1.864be99486edap+2
491,491,0x1.e80adbf2f886ep-1,0x1.8036ddb49b074p+2
492,492,0x1.2ad84398c409cp+0,0x1.7a2a6096bb10fp+2
493,493,0x1.69a2355193d0ep+0,0x1.7fcaa32406098p+2
494,494,0x1.99f9e1eb7b5bfp+0,0x1.79f61b1340b64p+2
495,495,0x1.c9119650c41b1p+0,0x1.7e051cb0c36d8p+2
496,496,0x1.ff6b61a88519ep+0,0x1.82ebc6ec98aa5p+2
497,497,0x1.27231cb33765ap+1,0x1.835a2d2550dafp+2
498,498,0x1.4048a003e1b52p+1,0x1.80c0b2f70ef08p+2
499,499,0x1.6997d1147a27cp+1,0x1.81aeb5c650056p+2
500,500,0x1.888896f8d07dcp+1,0x1.790d1acbc8a70p+2
501,501,0x1.c491897d81d10p+1,0x1.7de61a5735c48p+2
502,502,0x1.e918a1b3c6928p+1,0x1.83ec2f474db4bp+2
503,503,0x1.08d53c262d37ap+2,0x1.80897416f93e9p+2
504,504,0x1.18c8b65f3113ep+2,0x1.7f346388d5539p+2
505,505,0x1.3892784e394e9p+2,0x1.7be6b3b93cea0p+2
506,506,0x1.554b7148cf7cep+2,0x1.85aa209478a65p+2
507,507,0x1.6d149a6dd3ce0p+2,0x1.78553712d0c91p+2
508,508,0x1.7ce647b5cd4c6p+2,0x1.80d2332630cfdp+2
509,509,0x1.96f8e0ce01d00p+2,0x1.7c6a7c8c86849p+2
510,510,0x1.c2395341fd108p+2,0x1.7ef8d733cb532p+2
511,511,0x1.e5e1738102a77p+2,0x1.83a323def7150p+2
512,512,0x1.00b8caed51f4cp+3,0x1.8404f369cb9ebp+2
513,513,0x1.130215632c7cap+3,0x1.7a7b58cd26282p+2
514,514,0x1.1e215c670c6bfp+3,0x1.80963d0e6cfdfp+2
515,515,0x1.328811364d5a1p+3,0x1.835ebf79e3ad2p+2
516,516,0x1.3a140deab6f9ep+3,0x1.82df887da6418p+2
517,517,0x1.580798e5a1785p+3,0x1.7bb60d982868dp+2
518,518,0x1.6633c2663f412p+3,0x1.7892de7ed73fep+2
519,519,0x1.7a32953d8412cp+3,0x1.79e4c0378cccap+2
520,520,0x1.846db6ae0be60p-9,0x1.9920cbcb8dc69p+2
521,521,0x1.40865c4ea8a76p-7,0x1.8d22310c4ae25p+2
522,522,0x1.f1abc4c16808bp-5,0x1.97ad6673a1103p+2
523,523,0x1.278f17799f374p-4,0x1.99456b2359421p+2
524,524,0x1.6ea5eda7d8d47p-3,0x1.8d0242856bb10p+2
525,525,0x1.0100476ccf4d7p-2,0x1.9a79175351293p+2
526,526,0x1.2dd39ebe8f756p-2,0x1.967bdb15f2b6fp+2
527,527,0x1.b47346150ec8bp-2,0x1.9332351f42556p+2
528,528,0x1.13b89aa0e2234p-1,0x1.9106e68a28d5dp+2
529,529,0x1.6980d9faef9fcp-1,0x1.8c8ba14cc00fdp+2
530,530,0x1.b7e7abb26bb7bp-1,0x1.96b74cd7ca245p+2
531,531,0x1.e11a173a9deb9p-1,0x1.95769113845b9p+2
532,532,0x1.192ea3742d4c7p+0,0x1.974c6a4d02107p+2
533,533,0x1.661031b0eb901p+0,0x1.8e9a022eeaed7p+2
534,534,0x1.8c78ab986f112p+0,0x1.94614fee3d541p+2
535,535,0x1.de5f9bd421effp+0,0x1.993ffc6af927cp+2
536,536,0x1.f50703cd6b362p+0,0x1.95333afe3aac4p+2
537,537,0x1.2107764a410a1p+1,0x1.8f443b1351ba0p+2
538,538,0x1.3cfc9e7237a2ap+1,0x1.971a1df1fd99bp+2
539,539,0x1.78525be1b8453p+1,0x1.9705ff58100a6p+2
540,540,0x1.98b6ee35996c0p+1,0x1.9384757e9080bp+2
541,541,0x1.b143950668438p+1,0x1.9587f931e90cep+2
542,542,0x1.e2fcbab411f9ep+1,0x1.8dedd2be74caep+2
543,543,0x1.11a35f769cad6p+2,0x1.96e8e6dd70388p+2
544,544,0x1.1c145e7e0cc68p+2,0x1.934c1e26066f5p+2
545,545,0x1.40a07f9621cf9p+2,0x1.923cf98f7818ep+2
546,546,0x1.5a5a5b41613b0p+2,0x1.988b06cd26872p+2
547,547,0x1.62b927661680cp+2,0x1.9a38e2f8bc9bbp+2
548,548,0x1.83db37425ce4cp+2,0x1.8f9c2ccd25ba2p+2
549,549,0x1.9ca459c907d3fp+2,0x1.920a85bd68776p+2
550,550,0x1.b511a9960ab70p+2,0x1.9898168284a10p+2
551,551,0x1.da85222e51997p+2,0x1.8d9208f8bfff8p+2
552,552,0x1.033397da258aap+3,0x1.90caeb09b687bp+2
553,553,0x1.0dc09e15e18f1p+3,0x1.97ebf948d8f62p+2
554,554,0x1.18f6fefbbeee6p+3,0x1.92220a5765f4cp+2
555,555,0x1.2a35b6a07c7b9p+3,0x1.9466af2d040bep+2
556,556,0x1.4221b84f5e5fep+3,0x1.91630fd315fb6p+2
557,557,0x1.531e7fefbdeabp+3,0x1.8f930293891e5p+2
558,558,0x1.5c6a2952a0235p+3,0x1.8d62cdc7cc665p+2
559,559,0x1.701962ca5d1cep+3,0x1.8c65b5c3a4187p+2
560,560,0x1.30ece0d08e5f2p-13,0x1.a1940c40b99a2p+2
561,561,0x1.094b07352a88ep-6,0x1.a930d515a127bp+2
562,562,0x1.3a3cc54112782p-5,0x1.a2d31da5f4ae1p+2
563,563,0x1.3fd490bc81b5fp-4,0x1.ac30fb665a0e3p+2
564,564,0x1.3e38326e6d371p-3,0x1.9f03a5ce03289p+2
565,565,0x1.ec901b9535478p-3,0x1.a20324abdb8bcp+2
566,566,0x1.3e41183b99d29p-2,0x1.a43a477dd2269p+2
567,567,0x1.c09ef2c45a5c5p-2,0x1.abd5b715a62efp+2
568,568,0x1.0a0e8ba4a656bp-1,0x1.a6b3a8b67dd1bp+2
569,569,0x1.44a4b3d558e2bp-1,0x1.aa285e074ee8bp+2
570,570,0x1.94136321abb61p-1,0x1.a30c14c149685p+2
571,571,0x1.f11571a0bc330p-1,0x1.a3d0962222e77p+2
572,572,0x1.35e883baa6608p+0,0x1.a2baa99f85b45p+2
573,573,0x1.6eaaa8ea2d3bdp+0,0x1.a59ab7ee52f06p+2
574,574,0x1.8e0d4491b059bp+0,0x1.a6cee5c4fe87fp+2
575,575,0x1.ce3da933978c2p+0,0x1.a8fd1c08cc93cp+2
576,576,0x1.0188ef1e86844p+1,0x1.ab72359a97f26p+2
577,577,0x1.294d77d5e3779p+1,0x1.a9c517a7d3951p+2
578,578,0x1.5272ed8a48cecp+1,0x1.a7b3ad9d5e5e3p+2
579,579,0x1.76f1aee088bb6p+1,0x1.a18d06edede4ep+2
580,580,0x1.9ca8cb8f3ab21p+1,0x1.a38fce01e7256p+2
581,581,0x1.c57425891392ap+1,0x1.ab744ffdcb75bp+2
582,582,0x1.f650dee7316ccp+1,0x1.ac1adb3760dc3p+2
583,583,0x1.0fed28549d11fp+2,0x1.a3c3e5490c53fp+2
584,584,0x1.21ba98757f72cp+2,0x1.a522841d93dcbp+2
585,585,0x1.3b4080eb94085p+2,0x1.aa7f2bf90b9c7p+2
586,586,0x1.583c15d67415ep+2,0x1.a8d8f9394268ap+2
587,587,0x1.74281f639ab54p+2,0x1.a7a78d8337ed3p+2
588,588,0x1.88571c47683c4p+2,0x1.a1a81948d1666p+2
589,589,0x1.a6b81e94b6473p+2,0x1.a30c3af4cd64cp+2
590,590,0x1.bd0cb4531053cp+2,0x1.a9736b607d76dp+2
591,591,0x1.d46394d707788p+2,0x1.ab6c5df6c40a2p+2
592,592,0x1.ff380784595efp+2,0x1.a72c2dc893701p+2
593,593,0x1.070039f519b7cp+3,0x1.a1bbc2871ef80p+2
594,594,0x1.1dc1265efe4c2p+3,0x1.a1a11803c4afap+2
595,595,0x1.312c2c21d3dc2p+3,0x1.a59b5114dda31p+2
596,596,0x1.3e66dc8c0128ep+3,0x1.a379891ebe8b0p+2
597,597,0x1.53ca6c039e6e2p+3,0x1.a851a909108aep+2
598,598,0x1.6680477aabda6p+3,0x1.a844decb9be6ap+2
599,599,0x1.73659b7e16b76p+3,0x1.aad101a4de0e8p+2
600,600,0x1.72d24ade72265p-9,0x1.bb8e7ce1929b7p+2
601,601,0x1.de517432ffdeap-7,0x1.ba867be9d9c79p+2
602,602,0x1.9e79677deeac1p-5,0x1.bb1b6c1970f59p+2
603,603,0x1.8b2458405a917p-4,0x1.afd245c7e47ddp+2
604,604,0x1.0d2eeeeee631dp-3,0x1.b0f8f4cd6aa24p+2
605,605,0x1.92d7d6c8ded72p-3,0x1.b9d5dc60a99afp+2
606,606,0x1.66dbb088ddda1p-2,0x1.b5db8726d96aap+2
607,607,0x1.968ed8ee3c369p-2,0x1.b0077e120bd4ep+2
608,608,0x1.2a0d256060ac4p-1,0x1.b6ac9eeb9eb6bp+2
609,609,0x1.66383d2eb4e68p-1,0x1.bbe6e5a8f7649p+2
610,610,0x1.948960b0bd3f0p-1,0x1.b8f05538f4eeep+2
611,611,0x1.0d245600ffd97p+0,0x1.b00aa76d7144dp+2
612,612,0x1.25d35e17ad477p+0,0x1.b8ad790a9d95dp+2
613,613,0x1.701cd453f8362p+0,0x1.b07482abfd8d2p+2
614,614,0x1.84f70eab14c8cp+0,0x1.b4cb7510d8ab3p+2
615,615,0x1.dc24025a9f6e8p+0,0x1.b8ee19e449a69p+2
616,616,0x1.fb220b640542fp+0,0x1.ba4be6b9c9985p+2
617,617,0x1.338bcfb355992p+1,0x1.afbaee346b2f8p+2
618,618,0x1.3e9539657e04dp+1,0x1.b6f8bda27007ap+2
619,619,0x1.765d1822be9ccp+1,0x1.bba2e14f13f17p+2
620,620,0x1.8afcc0bf912ccp+1,0x1.b30eddd2cc2ccp+2
621,621,0x1.c2f7e1b880c87p+1,0x1.baaea77415129p+2
622,622,0x1.e5425b68e74e1p+1,0x1.b80794bef589fp+2
623,623,0x1.0db80b80d7d44p+2,0x1.b88bba0a386c8p+2
624,624,0x1.17439a3786c1cp+2,0x1.b6222ef71f03ap+2
625,625,0x1.40953b3905846p+2,0x1.b81df6ae31ef8p+2
626,626,0x1.55ef6b6a99562p+2,0x1.b0440cf7b1399p+2
627,627,0x1.67eba31420c6fp+2,0x1.b9718ecafc129p+2
628,628,0x1.7dd66ad9bd34fp+2,0x1.b3e9984f2c7cap+2
629,629,0x1.9ea5394280e35p+2,0x1.b877ebbf96addp+2
630,630,0x1.c0af47363846dp+2,0x1.b3cb3e3238135p+2
631,631,0x1.db77d3dffd2d1p+2,0x1.b36ba665862a8p+2
632,632,0x1.f3460784b9963p+2,0x1.b1b1bd09e72e9p+2
633,633,0x1.09c50799be471p+3,0x1.b3bee8f6ccb18p+2
634,634,0x1.21640d665c9b7p+3,0x1.b1d85c8b62f4bp+2
635,635,0x1.2e2fdff2596bdp+3,0x1.bc264ffe09cefp+2
636,636,0x1.3bc7aa53c62acp+3,0x1.b4a9a34cd06bbp+2
637,637,0x1.4dcbc957d25c2p+3,0x1.b3a401b963047p+2
638,638,0x1.65cc0b07c9139p+3,0x1.b86c956a0d605p+2
639,639,0x1.72a10f54736ebp+3,0x1.b993bf984d9b5p+2
640,640,0x1.215da1a886840p-8,0x1.c436d949a4a83p+2
641,641,0x1.0c312cc075243p-6,0x1.c3b0a3d4c14acp+2
642,642,0x1.a16bd7dc9133bp-5,0x1.c90a5a56b87fep+2
643,643,0x1.c8c596ee4337bp-4,0x1.c5491c879ed78p+2
644,644,0x1.38edf06a70a75p-3,0x1.c3cc98e929587p+2
645,645,0x1.9c9e2cd8713a8p-3,0x1.bfc066d2b940dp+2
646,646,0x1.3380357847f81p-2,0x1.c534081af3dfap+2
647,647,0x1.a1bedab38ae3ap-2,0x1.c58a177f4292bp+2
648,648,0x1.1158e2487c010p-1,0x1.c7ed5c933faa8p+2
649,649,0x1.4a5c7b89130fdp-1,0x1.c14e5a3d14024p+2
650,650,0x1.a22425da5885bp-1,0x1.bf7ae6d430d3cp+2
651,651,0x1.064d31c64e9b3p+0,0x1.c15b90408ca66p+2
652,652,0x1.266ed43e6fca0p+0,0x1.c1723dcb88cd7p+2
653,653,0x1.5ff6b4db4b9acp+0,0x1.c8b9503bd4c0dp+2
654,654,0x1.8599c93852cfcp+0,0x1.c04fbd4cb7555p+2
655,655,0x1.dff86b8c6f1a5p+0,0x1.c9044ad2469acp+2
656,656,0x1.f25f5a4402965p+0,0x1.c91648b0213dap+2
657,657,0x1.2b5ca9fd3ecafp+1,0x1.c0cdf6d94753dp+2
658,658,0x1.4fc9cf1668d33p+1,0x1.c34683dc70ae7p+2
659,659,0x1.6303880865b2cp+1,0x1.c4c3b4bdf1320p+2
660,660,0x1.849905ad53f3fp+1,0x1.c56ab5814c987p+2
661,661,0x1.b3a289f8b1b16p+1,0x1.c4331c611036ep+2
662,662,0x1.da48953efacf2p+1,0x1.c555ffe72280cp+2
663,663,0x1.0d1d754ee8bc2p+2,0x1.c22162280af37p+2
664,664,0x1.1d1f7091bfcfdp+2,0x1.c94241d570da3p+2
665,665,0x1.388bed0ebd35cp+2,0x1.c9944890c5100p+2
666,666,0x1.4ad1863a689b0p+2,0x1.c22ad8a85efb7p+2
667,667,0x1.74ed45b7af9c0p+2,0x1.c9720e3bcd1c3p+2
668,668,0x1.8f30a530afb0ep+2,0x1.ca1307a56169dp+2
669,669,0x1.a24d23918527bp+2,0x1.bfe987a7eee7cp+2
670,670,0x1.bd2d175585690p+2,0x1.c0ef09aba01d0p+2
671,671,0x1.dd36e59664110p+2,0x1.c3f8d5cc74416p+2
672,672,0x1.fa5f5846d4f12p+2,0x1.c44e67a09953bp+2
673,673,0x1.09904879ce597p+3,0x1.c81ae4036faacp+2
674,674,0x1.1eede8268c0cfp+3,0x1.c8faf6ebcc542p+2
675,675,0x1.3452d130075a9p+3,0x1.c682576314f76p+2
676,676,0x1.453fcbc74bff1p+3,0x1.c527cf266c75dp+2
677,677,0x1.585c30b6c0f34p+3,0x1.bf4111b67040dp+2
678,678,0x1.5fe0ff8d1f131p+3,0x1.c09d88cefb86fp+2
679,679,0x1.715ecec12d92fp+3,0x1.c6b115c60b28cp+2
680,680,0x1.50ac366d02eabp-10,0x1.d6ab2f6fe9788p+2
681,681,0x1.54a271df01dc3p-7,0x1.cf33b9cb5cd2bp+2
682,682,0x1.dee01dfccd033p-5,0x1.ce49a92d1b37fp+2
683,683,0x1.43bde8f3f7702p-4,0x1.d24bcedf1d1cep+2
684,684,0x1.51756f94f06b1p-3,0x1.d2ab3a359c36ep+2
685,685,0x1.8fc3b57ed49b2p-3,0x1.d1ba9a4801c14p+2
686,686,0x1.2a12995b13c97p-2,0x1.cea910a8fc85cp+2
687,687,0x1.a60030113c3b8p-2,0x1.cd4ab8d15dc4ap+2
688,688,0x1.1c5900bbf4eecp-1,0x1.cf26ce69f9a49p+2
689,689,0x1.5af3d2ed43ac0p-1,0x1.cdebaf9381f4fp+2
690,690,0x1.b76564383d5b5p-1,0x1.d6401e695b33ep+2
691,691,0x1.da30c188cea5dp-1,0x1.d22f15813e677p+2
692,692,0x1.32c83079b8794p+0,0x1.d33fd414ea5b9p+2
693,693,0x1.5432938b12f2ep+0,0x1.d47c5d3d2b79ep+2
694,694,0x1.a54f287cf9f74p+0,0x1.cea79d7964961p+2
695,695,0x1.d885ac6a56b09p+0,0x1.d39efdab82355p+2
696,696,0x1.06fa8f04b5fe2p+1,0x1.d5683c8825d81p+2
697,697,0x1.1e362e7aebb76p+1,0x1.d29a0f914db8ap+2
698,698,0x1.4a9385046f9a3p+1,0x1.cf4fc1d2789acp+2
699,699,0x1.69eeb3da4ec97p+1,0x1.cd6d804d27318p+2
700,700,0x1.97cf7d3132723p+1,0x1.cebdc83c89ad5p+2
701,701,0x1.bfbce45b84e15p+1,0x1.d1db0f84ddff7p+2
702,702,0x1.e52ee660432e7p+1,0x1.d24098c209d0bp+2
703,703,0x1.0bfc9dac1cdb4p+2,0x1.d615b4a02ce7ap+2
704,704,0x1.2643d95224a7ep+2,0x1.ce5dc6511dbabp+2
705,705,0x1.3acb0c287ac26p+2,0x1.cf0833c793725p+2
706,706,0x1.4bf0d1824e3b0p+2,0x1.ce5913bd120a7p+2
707,707,0x1.6d0624f6fc447p+2,0x1.d420ec7e1b3d2p+2
708,708,0x1.81488b25d4678p+2,0x1.d15c02994c12fp+2
709,709,0x1.a6382a5fe484ap+2,0x1.d4b9ad3e4566ap+2
710,710,0x1.bfa058e57a1f6p+2,0x1.d68473b1485d9p+2
711,711,0x1.e3cff1966245dp+2,0x1.cd463d63ea1a6p+2
712,712,0x1.f857cc9099978p+2,0x1.d3d957d6f62f9p+2
713,713,0x1.0c6eae88b8f93p+3,0x1.d3f389d0ec536p+2
714,714,0x1.1c5271335d173p+3,0x1.d54e98fba8045p+2
715,715,0x1.31481cd16a33cp+3,0x1.d43152407ba07p+2
716,716,0x1.3dbc38f2cde55p+3,0x1.ce576c719ccaep+2
717,717,0x1.56fca2636c3a4p+3,0x1.cf0eef2a0b7ffp+2
718,718,0x1.5f9c0610e2fc3p+3,0x1.d62d92a9a845cp+2
719,719,0x1.778b13e6d43c3p+3,0x1.d075d0fa46823p+2
720,720,0x1.ea215e4a5fd67p-10,0x1.df0acecb8165ap+2
721,721,0x1.3637758677938p-6,0x1.e0f336498f281p+2
722,722,0x1.75dfa3dd4af74p-5,0x1.dbe7db14f51a5p+2
723,723,0x1.c499e97a79771p-4,0x1.e06559a5ba12ap+2
724,724,0x1.0c990a06b2fb6p-3,0x1.d972d72eafb8ap+2
725,725,0x1.e7688de1a522ap-3,0x1.dec0299e6bfacp+2
726,726,0x1.6437920674fa3p-2,0x1.dfd5f0275e427p+2
727,727,0x1.a039127ee320fp-2,0x1.da555ecfbbd30p+2
728,728,0x1.0f9421412d26fp-1,0x1.db299d335ce21p+2
729,729,0x1.44a451b433307p-1,0x1.de57e3d111a32p+2
730,730,0x1.b6e68b02c454cp-1,0x1.e116424b554f9p+2
731,731,0x1.f898bb372bdd2p-1,0x1.d9bd4f0b92817p+2
732,732,0x1.29fe852b49db7p+0,0x1.dea573dcc1586p+2
733,733,0x1.58bf646238f01p+0,0x1.e0f7131974dacp+2
734,734,0x1.971dc9c173d34p+0,0x1.e0186cac39b0cp+2
735,735,0x1.c51a2ab956eb0p+0,0x1.d9ed59baae6f9p+2
736,736,0x1.05ce81727961bp+1,0x1.ddab778e66c5fp+2
737,737,0x1.1bed3dc7819b9p+1,0x1.e01278a3977c1p+2
738,738,0x1.4425a05b0be0dp+1,0x1.dbfbfd7cf5f9cp+2
739,739,0x1.753de2ad18820p+1,0x1.dc79fff2d2cb5p+2
740,740,0x1.9ab676a3c228dp+1,0x1.e0302467b484fp+2
741,741,0x1.b0fe92813413ep+1,0x1.e17e3f7f8cfc6p+2
742,742,0x1.d6473a3caa0abp+1,0x1.daf781966cd39p+2
743,743,0x1.07735c7c0b7fdp+2,0x1.ddb4133bdcabep+2
744,744,0x1.1fc5b90ce863dp+2,0x1.dfa274a3aa71bp+2
745,745,0x1.36ef08a6bc320p+2,0x1.df229cde50264p+2
746,746,0x1.58f184479a3f1p+2,0x1.daee43f4d706ep+2
747,747,0x1.612bd54126997p+2,0x1.df840d81ec61cp+2
748,748,0x1.8204e1b1d52bbp+2,0x1.d9c8dcf2be69ep+2
749,749,0x1.9a4af979d8485p+2,0x1.dfe9bac726126p+2
750,750,0x1.b636ea8b89481p+2,0x1.d9746f72d158ap+2
751,751,0x1.e08feb52f3475p+2,0x1.dc2d7124da17fp+2
752,752,0x1.f572471d32a9bp+2,0x1.df7a206c29280p+2
753,753,0x1.0997ab9bc542cp+3,0x1.e0a09a0e65e37p+2
754,754,0x1.22ae114c7405ap+3,0x1.dc3f2588317d5p+2
755,755,0x1.28fe66f0475b7p+3,0x1.dcfd2f1ad2ce4p+2
756,756,0x1.4362b7fdd9a3dp+3,0x1.dd3c6fe87ee96p+2
757,757,0x1.52f6c7a3276e2p+3,0x1.df5d7dabdbb0ap+2
758,758,0x1.6822e0ccb7062p+3,0x1.de29337eb42c0p+2
759,759,0x1.7391c338565bdp+3,0x1.dcf63fb8e4897p+2
760,760,0x1.dc92276972257p-9,0x1.e74afcff276f7p+2
761,761,0x1.3b79f4a7a83dap-6,0x1.e93533e75471bp+2
762,762,0x1.d51eb37bc2991p-5,0x1.e417c65da23dfp+2
763,763,0x1.355bee35e46afp-4,0x1.e444ee335debdp+2
764,764,0x1.28a3db5460c77p-3,0x1.e67fcb058cd42p+2
765,765,0x1.9e578f22c28adp-3,0x1.e617674236d07p+2
766,766,0x1.652fa09317896p-2,0x1.e67fa6159c72ep+2
767,767,0x1.d9a3688574697p-2,0x1.ea0330ceb23cdp+2
768,768,0x1.16f37478e8324p-1,0x1.e3806c81ef4b1p+2
769,769,0x1.5c898feaeae8cp-1,0x1.e924c9bfdab92p+2
770,770,0x1.99e3d068c2fcfp-1,0x1.e43f31fdcf04cp+2
771,771,0x1.049618d62f11bp+0,0x1.ea8ee7b023cebp+2
772,772,0x1.3de21167dbf07p+0,0x1.e95565b7fcb68p+2
773,773,0x1.50c6fa2be686ap+0,0x1.e4d76307d9594p+2
774,774,0x1.8b2cdde731628p+0,0x1.e4d97720b4a99p+2
775,775,0x1.cc6a72f0223c7p+0,0x1.e6c05f9d68762p+2
776,776,0x1.0b2a2a54f6dbep+1,0x1.e4bf988d84142p+2
777,777,0x1.23e3839ef7e70p+1,0x1.e9b3385d86d89p+2
778,778,0x1.5550968a98a8bp+1,0x1.e3ed5a8a7fec9p+2
779,779,0x1.61d10d8ee1f44p+1,0x1.e61cd2af117e8p+2
780,780,0x1.854ff04d5637cp+1,0x1.e7b6950bd194ep+2
781,781,0x1.b4c3ad166ecb6p+1,0x1.e8e08f6ed3824p+2
782,782,0x1.f4d9a17d11eefp+1,0x1.e7685cf77fb2cp+2
783,783,0x1.01f3435f727eep+2,0x1.ea279f0f67054p+2
784,784,0x1.1d8fefad25f13p+2,0x1.e442ae435fbddp+2
785,785,0x1.3968cab4f73cdp+2,0x1.e5205b7b29b56p+2
786,786,0x1.598dfc790b974p+2,0x1.ea85099315d01p+2
787,787,0x1.7268253df6f93p+2,0x1.e48ebfd20550cp+2
788,788,0x1.7cffbf3ed2212p+2,0x1.e49c2627d77f8p+2
789,789,0x1.abe407ec418d3p+2,0x1.e4c173b5b9d72p+2
790,790,0x1.b329f8cd6b174p+2,0x1.e8b3f263114c1p+2
791,791,0x1.e803cc65932d8p+2,0x1.ea17155fff403p+2
792,792,0x1.f52b944d07ec6p+2,0x1.e6bc165066ea4p+2
793,793,0x1.0ce16775dc33fp+3,0x1.e69d792906da2p+2
794,794,0x1.1b052c529911fp+3,0x1.ea2f46b977f8fp+2
795,795,0x1.2a545cffd4ff5p+3,0x1.e45bc0d21ac3dp+2
796,796,0x1.464fceebcba20p+3,0x1.e713d2fae43b7p+2
797,797,0x1.524e5fe59b433p+3,0x1.e62064996e13fp+2
798,798,0x1.659d76137c560p+3,0x1.e59e2ba8fe605p+2
799,799,0x1.7aa6c0a060c6dp+3,0x1.e8c137d16c02dp+2
800,800,0x1.855d472a4d578p-9,0x1.ee71de3b44198p+2
801,801,0x1.77ab2a0ad8131p-7,0x1.ec60751e0f5b6p+2
802,802,0x1.0fba57bbb9ab9p-5,0x1.f22a877ba2e4ep+2
803,803,0x1.5fd08d60de4dfp-4,0x1.f09e38103d964p+2
804,804,0x1.3088112f3f9c7p-3,0x1.efdd6d7a8ac87p+2
805,805,0x1.90e98435b9216p-3,0x1.f1e09034351f9p+2
806,806,0x1.2a03d0c4eefdap-2,0x1.efe496648f96bp+2
807,807,0x1.c6ebefafc8b09p-2,0x1.ee6e9975ad077p+2
808,808,0x1.2fc7a62d66abep-1,0x1.eeb1e80646782p+2
809,809,0x1.46bff18ca00c0p-1,0x1.ef4f4aa8c34efp+2
810,810,0x1.ba38a86822930p-1,0x1.ef35afc45877fp+2
811,811,0x1.001709edbfe3fp+0,0x1.ed8581e20463ap+2
812,812,0x1.2dfb111d934d9p+0,0x1.f16cc35c3f6edp+2
813,813,0x1.604f257184e19p+0,0x1.ed132a8a4354cp+2
814,814,0x1.88cee8d0e855ep+0,0x1.efc86db6de12dp+2
815,815,0x1.d92ad5685a0dep+0,0x1.edf0493e730b1p+2
816,816,0x1.f8b33036ec58ap+0,0x1.f22a070913876p+2
817,817,0x1.2f130b6ab5ddcp+1,0x1.ee664f4db91d9p+2
818,818,0x1.40de90f95997ap+1,0x1.f11cd2e1d76f7p+2
819,819,0x1.714ea3b14f16ap+1,0x1.ef2c9294af0c5p+2
820,820,0x1.8baaafc1d75e2p+1,0x1.f1e003ccb86f4p+2
821,821,0x1.ba9fb6a703084p+1,0x1.eec157f53959dp+2
822,822,0x1.e8771e412daabp+1,0x1.ee83abc866d92p+2
823,823,0x1.08ef81c81bfd1p+2,0x1.ee2606b3477afp+2
824,824,0x1.1a27ab1a9a9fep+2,0x1.edc79ded96a0ep+2
825,825,0x1.33c8376130acep+2,0x1.ef2bb73085c6bp+2
826,826,0x1.57e3dd1872826p+2,0x1.f159c9c8e9a60p+2
827,827,0x1.716b50e1c99fap+2,0x1.efbc1907d8778p+2
828,828,0x1.8ebf5038a4e12p+2,0x1.f2156d4507f13p+2
829,829,0x1.9b2a1eeee07efp+2,0x1.f01241f7c9832p+2
830,830,0x1.b42b8cf552114p+2,0x1.ef3c5443e64ebp+2
831,831,0x1.e42490cedf31dp+2,0x1.ee66834fc3a3bp+2
832,832,0x1.f019980d85424p+2,0x1.f01943d34f998p+2
833,833,0x1.0bb4880bbb748p+3,0x1.eda4441bebc04p+2
834,834,0x1.234066073d3d5p+3,0x1.ec5ef31585e05p+2
835,835,0x1.307de053fae2ap+3,0x1.edeed23e59d8fp+2
836,836,0x1.3ae28de89500bp+3,0x1.f1ed50f3ad3b6p+2
837,837,0x1.522caae3ce5d0p+3,0x1.ee12bcfaa9ffcp+2
838,838,0x1.5e98b5873e76ep+3,0x1.eeb1eaef59771p+2
839,839,0x1.7667c73cdd033p+3,0x1.ecbd8d32e4347p+2
840,840,0x1.2d7d3de9e284ap-8,0x1.f467276049050p+2
841,841,0x1.98b7e9e3cef66p-6,0x1.f53aaf3130667p+2
842,842,0x1.e880d71426921p-5,0x1.f7341b7c8c688p+2
843,843,0x1.45ee9468e4a3cp-4,0x1.f739f4046ee7ap+2
844,844,0x1.275253fbec768p-3,0x1.f3df4342d5e1ep+2
845,845,0x1.aa5e3aad7ff66p-3,0x1.f527f627eac52p+2
846,846,0x1.3dd1e128519b2p-2,0x1.f3c56074199a5p+2
847,847,0x1.abefea884a162p-2,0x1.f81621a7f4e2dp+2
848,848,0x1.f8f0e5b289843p-2,0x1.f595a34ccc483p+2
849,849,0x1.4bc893bb6ca85p-1,0x1.f77557d35a14dp+2
850,850,0x1.b17cdef41a613p-1,0x1.f4c1ea864e553p+2
851,851,0x1.e96d829289fcap-1,0x1.f60214ad58030p+2
852,852,0x1.3ce364f572c0ep+0,0x1.f61b71d0ce2afp+2
853,853,0x1.4d21254ff7186p+0,0x1.f74d8a98b8751p+2
854,854,0x1.949f7d824d14cp+0,0x1.f81f29d1928d2p+2
855,855,0x1.c392558cddf0ep+0,0x1.f7d1a2158ba64p+2
856,856,0x1.00c4b2b4d7c51p+1,0x1.f52b0e20c7532p+2
857,857,0x1.2fbdfb3d8c904p+1,0x1.f62a520bfbd9fp+2
858,858,0x1.532f7f51cc3aap+1,0x1.f690da2c9f3eap+2
859,859,0x1.75586765a92f6p+1,0x1.f76d679750448p+2
860,860,0x1.a0f1a46847250p+1,0x1.f3a5a1d1ffcf6p+2
861,861,0x1.add31253c7534p+1,0x1.f52e35da91981p+2
862,862,0x1.eb87f176190f8p+1,0x1.f68833ee9d04cp+2
863,863,0x1.060d3d331bbbap+2,0x1.f4fe8a96ecb89p+2
864,864,0x1.224c2c18c0882p+2,0x1.f7c7ce0f08c03p+2
865,865,0x1.35734dfeb10a0p+2,0x1.f569b84db9b8ap+2
866,866,0x1.52c0151523b6fp+2,0x1.f4d5c8740f989p+2
867,867,0x1.6fd18f751f86ep+2,0x1.f4c3e0174605fp+2
868,868,0x1.87c8d40c92b4fp+2,0x1.f7a14925fbb65p+2
869,869,0x1.992892e9281c0p+2,0x1.f61336691a2e7p+2
870,870,0x1.b62d6786e2f8dp+2,0x1.f74442c7d5386p+2
871,871,0x1.d92757c29922ap+2,0x1.f81f80735bcc4p+2
872,872,0x1.fc41704bbf43ap+2,0x1.f6d0e235f7d41p+2
873,873,0x1.1350008560f10p+3,0x1.f553987a475a5p+2
874,874,0x1.21a795f0affb1p+3,0x1.f3a68eeeddbfcp+2
875,875,0x1.32b03c55130dap+3,0x1.f424abbdbff8ep+2
876,876,0x1.469ac59257677p+3,0x1.f6c5434519460p+2
877,877,0x1.5645c2ad31ca1p+3,0x1.f59091db6d5e2p+2
878,878,0x1.691e70e4aefaap+3,0x1.f463b0a3cc284p+2
879,879,0x1.6fd01c301da31p+3,0x1.f47bd0259de7cp+2
880,880,0x1.6f17068e24f35p-9,0x1.fc607069af513p+2
881,881,0x1.49dc9b8979699p-6,0x1.fae25b4a9993dp+2
882,882,0x1.656ab9adc1aeap-5,0x1.fa504f393e12ep+2
883,883,0x1.a0297ab8fcb1cp-4,0x1.fa29ae3b3d39ap+2
884,884,0x1.4dba6f0cc1e31p-3,0x1.fb056984df5cep+2
885,885,0x1.914b288766d19p-3,0x1.fad7c9ecff9fbp+2
886,886,0x1.642f33019bb7ap-2,0x1.f92b9109bd6f1p+2
887,887,0x1.a991af0312b27p-2,0x1.f993aeec2889ep+2
888,888,0x1.1886a2d77dbc9p-1,0x1.fb378ca714760p+2
889,889,0x1.43c63224e7c24p-1,0x1.fa71b42d78f89p+2
890,890,0x1.9a13336452de6p-1,0x1.f96f1935e62e1p+2
891,891,0x1.0d8f08e55f5cap+0,0x1.fa00c4b9219a4p+2
892,892,0x1.1d12373f1cae1p+0,0x1.fb51ca7b24fb6p+2
893,893,0x1.50c18e31e3faap+0,0x1.fc3f7061e605cp+2
894,894,0x1.85e320d48634ap+0,0x1.fc4b032206273p+2
895,895,0x1.b8dfd4b21fe85p+0,0x1.fa953be230085p+2
896,896,0x1.01c0a4ba7db16p+1,0x1.fa8268b207b4fp+2
897,897,0x1.20d362844a286p+1,0x1.f9533b669b326p+2
898,898,0x1.490e7d7e7d80bp+1,0x1.fc426c4665cbcp+2
899,899,0x1.793dc4f197d02p+1,0x1.fb731024231f2p+2
900,900,0x1.a2d26ce4d7ba7p+1,0x1.fa3bfcc0b1394p+2
901,901,0x1.c127c1772232cp+1,0x1.fa2eb4eedb075p+2
902,902,0x1.dccd0aadc80ccp+1,0x1.fa63d814e3fa3p+2
903,903,0x1.0699e4d73ff92p+2,0x1.f97adbb0f7f5cp+2
904,904,0x1.1fccdb5b12004p+2,0x1.f9b12e9f35fa3p+2
905,905,0x1.35abe26cfba51p+2,0x1.fb266e3b2f1c3p+2
906,906,0x1.5b4f9120abc8bp+2,0x1.faa63795e5909p+2
907,907,0x1.6715b6f16e8ccp+2,0x1.fc06621c24ebdp+2
908,908,0x1.8c4eb1483f0b4p+2,0x1.f94565e9b4051p+2
909,909,0x1.a29f8decb6036p+2,0x1.f9fe7ad97c640p+2
910,910,0x1.c63393fbd18aap+2,0x1.faa3ae299de3ep+2
911,911,0x1.d1b01d3ead557p+2,0x1.fafe66f7523f9p+2
912,912,0x1.f0bf7a5c4ae15p+2,0x1.fbe421f1fc099p+2
913,913,0x1.0bb322c1e8991p+3,0x1.fb19164c69efap+2
914,914,0x1.1b4cdafc52d49p+3,0x1.fab1bb688676cp+2
915,915,0x1.2943347fd06b1p+3,0x1.f95f4f2997216p+2
916,916,0x1.3ad02990bc5acp+3,0x1.fa367f307966dp+2
917,917,0x1.5085ce85eac58p+3,0x1.fb8a8881d165bp+2
918,918,0x1.5e20b3f87a61dp+3,0x1.fae7a7a9f3463p+2
919,919,0x1.788687edf7078p+3,0x1.fa825d6c1c4a1p+2
920,920,0x1.908e8f87a4b8fp-10,0x1.fdc2492555a26p+2
921,921,0x1.0919c73c74086p-6,0x1.fd7374b09fdadp+2
922,922,0x1.27e07c1433734p-5,0x1.fe6ce7a8bb232p+2
923,923,0x1.880efaec9498dp-4,0x1.fdeeca9a1e369p+2
924,924,0x1.0a3e18a1986ffp-3,0x1.fe2ec578118a8p+2
925,925,0x1.b6e69e0168db9p-3,0x1.fdceddcb60535p+2
926,926,0x1.24237eb43e94ap-2,0x1.feb59ee69ecffp+2
927,927,0x1.9e30bed488386p-2,0x1.fd62bc369fc51p+2
928,928,0x1.1700e39a6090dp-1,0x1.fee6970a759ffp+2
929,929,0x1.543f14a41ca68p-1,0x1.fef3bd15372dfp+2
930,930,0x1.bc313d7dcd111p-1,0x1.fea4548703c52p+2
931,931,0x1.02528972452aep+0,0x1.fd456eae79229p+2
932,932,0x1.3ed96285b09f7p+0,0x1.fef04e55cbfc5p+2
933,933,0x1.6f6e44f36b16ap+0,0x1.fe574fe1a8764p+2
934,934,0x1.8b7081cd7a26bp+0,0x1.fddc75812f1c1p+2
935,935,0x1.d18590a703ae6p+0,0x1.fe9c16d64e8afp+2
936,936,0x1.ffc55ac0ca6bbp+0,0x1.febe955d7cba1p+2
937,937,0x1.2e71915542c10p+1,0x1.fdf5afa00fd65p+2
938,938,0x1.4e9b4e92542e7p+1,0x1.fd7a1253e23ddp+2
939,939,0x1.73adae90d10c6p+1,0x1.fdd2badb2edf9p+2
940,940,0x1.99c92aed77abfp+1,0x1.fecc4fdc4672dp+2
941,941,0x1.b2176749df786p+1,0x1.fd135032a2e68p+2
942,942,0x1.e9d2aefd11d98p+1,0x1.fe853a2721e7dp+2
943,943,0x1.0afef2d40174cp+2,0x1.fe0d752ef0720p+2
944,944,0x1.1c86996efc290p+2,0x1.fde3354988356p+2
945,945,0x1.37ce4931709a2p+2,0x1.ff01c04f86051p+2
946,946,0x1.4991afb4a4445p+2,0x1.fd6b1b176c69dp+2
947,947,0x1.6fbafa969b863p+2,0x1.fdd6234fde6e7p+2
948,948,0x1.8bf0a9b091120p+2,0x1.fe1cfc61b0a2ep+2
949,949,0x1.9d018fdc711a5p+2,0x1.fedde3db455dbp+2
950,950,0x1.c4c8b8e3abaf6p+2,0x1.fee0b34b4acc1p+2
951,951,0x1.e69a346e9fca8p+2,0x1.fee7813d2afd6p+2
952,952,0x1.feacbda598878p+2,0x1.fe9614f4e1501p+2
953,953,0x1.0cb96fb691774p+3,0x1.fd575599df9a9p+2
954,954,0x1.18080de93d6cbp+3,0x1.fed7d2b378fa9p+2
955,955,0x1.3279fcd60c685p+3,0x1.fdd2c0920bab2p+2
956,956,0x1.3ef6dff88e17ap+3,0x1.fe6b689d5bc02p+2
957,957,0x1.4da033cf2c383p+3,0x1.fe6dc33ffe2e5p+2
958,958,0x1.5e293f43e2813p+3,0x1.febe6205b87e2p+2
959,959,0x1.764bc22a3ae13p+3,0x1.fe4b2fa88c80fp+2
960,960,0x1.1bd89c90a5764p-9,0x1.ffedd9b52b0b1p+2
961,961,0x1.15454995351afp-6,0x1.ffd703373369dp+2
962,962,0x1.e3a05d5e15403p-5,0x1.ffb68b090b7dcp+2
963,963,0x1.a59032a76523dp-4,0x1.ffbe972ccb102p+2
964,964,0x1.44c874ba8a9a3p-3,0x1.fff43e65603cep+2
965,965,0x1.a80441c42607dp-3,0x1.ffca45aa82e6dp+2
966,966,0x1.690d66a3baca3p-2,0x1.ffec549d5817ap+2
967,967,0x1.d8e7111188719p-2,0x1.ff609e5e6f182p+2
968,968,0x1.2859ff7027802p-1,0x1.ff76e5cba8032p+2
969,969,0x1.643ed89506056p-1,0x1.ff7441ceb2b91p+2
970,970,0x1.b8483969370afp-1,0x1.ffc80803033c9p+2
971,971,0x1.053e1176dfe17p+0,0x1.ff98275f9f70ep+2
972,972,0x1.347aea3031a7dp+0,0x1.ffa35f27e2dfbp+2
973,973,0x1.6cdf2262b89a3p+0,0x1.ffe46d524fdf7p+2
974,974,0x1.7e80d7553b5d0p+0,0x1.ffe097d4fbb6fp+2
975,975,0x1.d08c228f3100cp+0,0x1.ffe6c60c7f8abp+2
976,976,0x1.0e264fe084e1ep+1,0x1.fff7e63960745p+2
977,977,0x1.20cc95428eb17p+1,0x1.fff650b4ad6f7p+2
978,978,0x1.4f9b3ba733a5ep+1,0x1.ffb7b8f8a99dep+2
979,979,0x1.7696cf2b87b82p+1,0x1.ff74c158536b6p+2
980,980,0x1.856fc5af880a1p+1,0x1.ffaa22e095266p+2
981,981,0x1.b446382c6982ep+1,0x1.ff7229d40d9f7p+2
982,982,0x1.e2a24384e6579p+1,0x1.ffe2630df2db9p+2
983,983,0x1.0fe14501fe58fp+2,0x1.ffa61cbc4f17ap+2
984,984,0x1.17e17f5027409p+2,0x1.fff2b1c057360p+2
985,985,0x1.3768edc1d3b2bp+2,0x1.fff63e8692a49p+2
986,986,0x1.4e61f444c21c7p+2,0x1.fffae4d0a6a77p+2
987,987,0x1.759f828ef0b4fp+2,0x1.ff58432606852p+2
988,988,0x1.884ef9a853dc3p+2,0x1.ff755ac29962ap+2
989,989,0x1.99862c7fc2a52p+2,0x1.ffdff06290dfap+2
990,990,0x1.bce13dbcab00fp+2,0x1.ffda6f4ef2b38p+2
991,991,0x1.de78f2ec05cc0p+2,0x1.ff7f4eb8ae671p+2
992,992,0x1.f8f98ca0cc246p+2,0x1.ff780e5862977p+2
993,993,0x1.0b13b93e6489cp+3,0x1.ffea4ab90dc93p+2
994,994,0x1.18d6eea5c0324p+3,0x1.ffb99bfd54d18p+2
995,995,0x1.2af3f2234b995p+3,0x1.fff40415e7ed0p+2
996,996,0x1.3a2b0d5d62eebp+3,0x1.ffc423b91ab4ap+2
997,997,0x1.56a6579bd94fep+3,0x1.ffc776acc4cc6p+2
998,998,0x1.60ad20b7742bap+3,0x1.fff3f7d06f65dp+2
999,999,0x1.7a32d9141d0b2p+3,0x1.ffd8331454d28p+2
